old_path	new_path
Assets/Plugins/Assembly-CSharp-firstpass/ABCAONADOMK.cs	Assets/Plugins/Assembly-CSharp-firstpass/RangeEncoder.cs
Assets/Plugins/Assembly-CSharp-firstpass/ADEKACKLIJG.cs	Assets/Plugins/Assembly-CSharp-firstpass/PaymentStore.cs
Assets/Plugins/Assembly-CSharp-firstpass/AEGCCCNBCML.cs	Assets/Plugins/Assembly-CSharp-firstpass/WebSocketTextFrame.cs
Assets/Plugins/Assembly-CSharp-firstpass/AFAILJMEENE.cs	Assets/Plugins/Assembly-CSharp-firstpass/UnderscoredNamingConvention.cs
Assets/Plugins/Assembly-CSharp-firstpass/AFJHGKAEJPG.cs	Assets/Plugins/Assembly-CSharp-firstpass/FlushType.cs
Assets/Plugins/Assembly-CSharp-firstpass/AHFEJIOPFGP.cs	Assets/Plugins/Assembly-CSharp-firstpass/HTTPConnectionStates.cs
Assets/Plugins/Assembly-CSharp-firstpass/AHLJIMDEAJD.cs	Assets/Plugins/Assembly-CSharp-firstpass/TransportTypes.cs
Assets/Plugins/Assembly-CSharp-firstpass/AIEMPPBDGNH.cs	Assets/Plugins/Assembly-CSharp-firstpass/HTTPFormUsage.cs
Assets/Plugins/Assembly-CSharp-firstpass/AJAIAKCIJIJ.cs	Assets/Plugins/Assembly-CSharp-firstpass/IJsonEncoder.cs
Assets/Plugins/Assembly-CSharp-firstpass/AKMKLAINLOL.cs	Assets/Plugins/Assembly-CSharp-firstpass/SequenceEnd.cs
Assets/Plugins/Assembly-CSharp-firstpass/ANEPNHNMPMJ.cs	Assets/Plugins/Assembly-CSharp-firstpass/CommandSubCharsSet.cs
Assets/Plugins/Assembly-CSharp-firstpass/APMHDDIADMF.cs	Assets/Plugins/Assembly-CSharp-firstpass/YamlEventParser.cs
Assets/Plugins/Assembly-CSharp-firstpass/BDFAHMBGHDH.cs	Assets/Plugins/Assembly-CSharp-firstpass/StringExtensions.cs
Assets/Plugins/Assembly-CSharp-firstpass/BECKAHJIEGE.cs	Assets/Plugins/Assembly-CSharp-firstpass/WebSocketFrameTypes.cs
Assets/Plugins/Assembly-CSharp-firstpass/BFNKPHDJNII.cs	Assets/Plugins/Assembly-CSharp-firstpass/Loglevels.cs
Assets/Plugins/Assembly-CSharp-firstpass/BGMMMMHMIJF.cs	Assets/Plugins/Assembly-CSharp-firstpass/InflaterState.cs
Assets/Plugins/Assembly-CSharp-firstpass/BHBPOHDAGPH.cs	Assets/Plugins/Assembly-CSharp-firstpass/ParsingEventType.cs
Assets/Plugins/Assembly-CSharp-firstpass/BIGFDIOHKIG.cs	Assets/Plugins/Assembly-CSharp-firstpass/IObjectGraphTraversalStrategy.cs
Assets/Plugins/Assembly-CSharp-firstpass/BLFPJCPALDH.cs	Assets/Plugins/Assembly-CSharp-firstpass/MappingEnd.cs
Assets/Plugins/Assembly-CSharp-firstpass/BMBGFBGIAPL.cs	Assets/Plugins/Assembly-CSharp-firstpass/AuthenticationTypes.cs
Assets/Plugins/Assembly-CSharp-firstpass/BPKEFFDGEIC.cs	Assets/Plugins/Assembly-CSharp-firstpass/BlockType.cs
Assets/Plugins/Assembly-CSharp-firstpass/CCCOMMIFIMB.cs	Assets/Plugins/Assembly-CSharp-firstpass/SocketIOErrors.cs
Assets/Plugins/Assembly-CSharp-firstpass/CDKCDPDMGDK.cs	Assets/Plugins/Assembly-CSharp-firstpass/MatchState.cs
Assets/Plugins/Assembly-CSharp-firstpass/CEILAGAKGKF.cs	Assets/Plugins/Assembly-CSharp-firstpass/RangeDecoder.cs
Assets/Plugins/Assembly-CSharp-firstpass/CFGBMHKCENK.cs	Assets/Plugins/Assembly-CSharp-firstpass/HTTPRequestStates.cs
Assets/Plugins/Assembly-CSharp-firstpass/CHEMCBIKGLL.cs	Assets/Plugins/Assembly-CSharp-firstpass/DataErrorException.cs
Assets/Plugins/Assembly-CSharp-firstpass/CHOAMHPCPFL.cs	Assets/Plugins/Assembly-CSharp-firstpass/YamlConstants.cs
Assets/Plugins/Assembly-CSharp-firstpass/CICDLBEGBEA.cs	Assets/Plugins/Assembly-CSharp-firstpass/CommonExtensions.cs
Assets/Plugins/Assembly-CSharp-firstpass/CKPADCLAMFF.cs	Assets/Plugins/Assembly-CSharp-firstpass/TypeNameInTagNodeTypeResolver.cs
Assets/Plugins/Assembly-CSharp-firstpass/CLPJGGPLMAB.cs	Assets/Plugins/Assembly-CSharp-firstpass/DynamicTypeResolver.cs
Assets/Plugins/Assembly-CSharp-firstpass/CNJMKCEKKNN.cs	Assets/Plugins/Assembly-CSharp-firstpass/NonGenericListNodeDeserializer.cs
Assets/Plugins/Assembly-CSharp-firstpass/CONPPMAEFDN.cs	Assets/Plugins/Assembly-CSharp-firstpass/CustomPluginException.cs
Assets/Plugins/Assembly-CSharp-firstpass/DDGGLIIKFPL.cs	Assets/Plugins/Assembly-CSharp-firstpass/CompressionStrategy.cs
Assets/Plugins/Assembly-CSharp-firstpass/DEFBJFOKOPM.cs	Assets/Plugins/Assembly-CSharp-firstpass/WriterEventEmitter.cs
Assets/Plugins/Assembly-CSharp-firstpass/DFIPCKIEILP.cs	Assets/Plugins/Assembly-CSharp-firstpass/SocialNetworkType.cs
Assets/Plugins/Assembly-CSharp-firstpass/DOIKIDPKFKN.cs	Assets/Plugins/Assembly-CSharp-firstpass/StoreEventsBase.cs
Assets/Plugins/Assembly-CSharp-firstpass/DPEICFAJMJH.cs	Assets/Plugins/Assembly-CSharp-firstpass/DeflateFlavor.cs
Assets/Plugins/Assembly-CSharp-firstpass/EBINODDAIEO.cs	Assets/Plugins/Assembly-CSharp-firstpass/NonGenericDictionaryNodeDeserializer.cs
Assets/Plugins/Assembly-CSharp-firstpass/ECDAJBEFCAH.cs	Assets/Plugins/Assembly-CSharp-firstpass/SocketIOEventType.cs
Assets/Plugins/Assembly-CSharp-firstpass/EDMIJLJOPPF.cs	Assets/Plugins/Assembly-CSharp-firstpass/EventSourceState.cs
Assets/Plugins/Assembly-CSharp-firstpass/EGGHFJMOPCE.cs	Assets/Plugins/Assembly-CSharp-firstpass/SwitchType.cs
Assets/Plugins/Assembly-CSharp-firstpass/EKKDGIILGMA.cs	Assets/Plugins/Assembly-CSharp-firstpass/MappingEndEventInfo.cs
Assets/Plugins/Assembly-CSharp-firstpass/FDDLCAEBEHB.cs	Assets/Plugins/Assembly-CSharp-firstpass/DefaultContainersNodeTypeResolver.cs
Assets/Plugins/Assembly-CSharp-firstpass/FFBEMOKFDNL.cs	Assets/Plugins/Assembly-CSharp-firstpass/IValueDeserializer.cs
Assets/Plugins/Assembly-CSharp-firstpass/FGDKNBEFPFN.cs	Assets/Plugins/Assembly-CSharp-firstpass/MappingStyle.cs
Assets/Plugins/Assembly-CSharp-firstpass/FGIMNEGFGPM.cs	Assets/Plugins/Assembly-CSharp-firstpass/GooglePlayDownloader.cs
Assets/Plugins/Assembly-CSharp-firstpass/FGMEPPMFFKG.cs	Assets/Plugins/Assembly-CSharp-firstpass/SocketIOTransportState.cs
Assets/Plugins/Assembly-CSharp-firstpass/FHIEGKMHOCC.cs	Assets/Plugins/Assembly-CSharp-firstpass/SignalRRequestType.cs
Assets/Plugins/Assembly-CSharp-firstpass/FHONDODMKGE.cs	Assets/Plugins/Assembly-CSharp-firstpass/HyphenatedNamingConvention.cs
Assets/Plugins/Assembly-CSharp-firstpass/FIKEKJBAKBO.cs	Assets/Plugins/Assembly-CSharp-firstpass/PurchaseReceipt.cs
Assets/Plugins/Assembly-CSharp-firstpass/FNEEAGNNFNN.cs	Assets/Plugins/Assembly-CSharp-firstpass/ITransactionChangeListener.cs
Assets/Plugins/Assembly-CSharp-firstpass/FNINOHKIPKH.cs	Assets/Plugins/Assembly-CSharp-firstpass/PascalCaseNamingConvention.cs
Assets/Plugins/Assembly-CSharp-firstpass/GCEHGHHBNOA.cs	Assets/Plugins/Assembly-CSharp-firstpass/NullNamingConvention.cs
Assets/Plugins/Assembly-CSharp-firstpass/GDDEBPANOCH.cs	Assets/Plugins/Assembly-CSharp-firstpass/JsonToken.cs
Assets/Plugins/Assembly-CSharp-firstpass/GDEMLIAGBCB.cs	Assets/Plugins/Assembly-CSharp-firstpass/LzmaDecoder.cs
Assets/Plugins/Assembly-CSharp-firstpass/GGIECEPGFNH.cs	Assets/Plugins/Assembly-CSharp-firstpass/JsonType.cs
Assets/Plugins/Assembly-CSharp-firstpass/HCEPBIAOJKG.cs	Assets/Plugins/Assembly-CSharp-firstpass/FileUtils.cs
Assets/Plugins/Assembly-CSharp-firstpass/HHLELELECLA.cs	Assets/Plugins/Assembly-CSharp-firstpass/BlockState.cs
Assets/Plugins/Assembly-CSharp-firstpass/HJDLGPHLPNF.cs	Assets/Plugins/Assembly-CSharp-firstpass/TransportEventTypes.cs
Assets/Plugins/Assembly-CSharp-firstpass/HKALCPMGELL.cs	Assets/Plugins/Assembly-CSharp-firstpass/WebSocketPing.cs
Assets/Plugins/Assembly-CSharp-firstpass/HLNFFAMCLEH.cs	Assets/Plugins/Assembly-CSharp-firstpass/SocketIOPollingTransport.cs
Assets/Plugins/Assembly-CSharp-firstpass/HNKFEGCMBJB.cs	Assets/Plugins/Assembly-CSharp-firstpass/StreamEndEvent.cs
Assets/Plugins/Assembly-CSharp-firstpass/IBEOFCPMMJJ.cs	Assets/Plugins/Assembly-CSharp-firstpass/ScalarStyle.cs
Assets/Plugins/Assembly-CSharp-firstpass/ICFMIHIKGOD.cs	Assets/Plugins/Assembly-CSharp-firstpass/PaymentManager.cs
Assets/Plugins/Assembly-CSharp-firstpass/IJLCEKHNLFC.cs	Assets/Plugins/Assembly-CSharp-firstpass/ACTkConstants.cs
Assets/Plugins/Assembly-CSharp-firstpass/IPOJNIHHDMF.cs	Assets/Plugins/Assembly-CSharp-firstpass/PluginVersionInfo.cs
Assets/Plugins/Assembly-CSharp-firstpass/JJHBPGBNFPC.cs	Assets/Plugins/Assembly-CSharp-firstpass/RsaPublicKeyDecryptor.cs
Assets/Plugins/Assembly-CSharp-firstpass/JLDHCFFAIPK.cs	Assets/Plugins/Assembly-CSharp-firstpass/PaymentInfo.cs
Assets/Plugins/Assembly-CSharp-firstpass/JMNFHMEBPFD.cs	Assets/Plugins/Assembly-CSharp-firstpass/ParserState.cs
Assets/Plugins/Assembly-CSharp-firstpass/JNEBPDNJFJG.cs	Assets/Plugins/Assembly-CSharp-firstpass/IPurchaseVerifier.cs
Assets/Plugins/Assembly-CSharp-firstpass/JODGINIKFJF.cs	Assets/Plugins/Assembly-CSharp-firstpass/SequenceStart.cs
Assets/Plugins/Assembly-CSharp-firstpass/KAOCBBMMFOG.cs	Assets/Plugins/Assembly-CSharp-firstpass/ZlibCompressionMode.cs
Assets/Plugins/Assembly-CSharp-firstpass/KINIMNHPNLB.cs	Assets/Plugins/Assembly-CSharp-firstpass/JsonWriterCondition.cs
Assets/Plugins/Assembly-CSharp-firstpass/KJJGIJBMJJG.cs	Assets/Plugins/Assembly-CSharp-firstpass/InvalidParamException.cs
Assets/Plugins/Assembly-CSharp-firstpass/KMAENHJICNF.cs	Assets/Plugins/Assembly-CSharp-firstpass/PaymentVerifier.cs
Assets/Plugins/Assembly-CSharp-firstpass/KNCKFKIOPHE.cs	Assets/Plugins/Assembly-CSharp-firstpass/ProductExtensions.cs
Assets/Plugins/Assembly-CSharp-firstpass/KOOPFFDDANF.cs	Assets/Plugins/Assembly-CSharp-firstpass/IPostDeserializationCallback.cs
Assets/Plugins/Assembly-CSharp-firstpass/LAAFHDKKJFL.cs	Assets/Plugins/Assembly-CSharp-firstpass/HTTPMethods.cs
Assets/Plugins/Assembly-CSharp-firstpass/LBMMAKIBFHD.cs	Assets/Plugins/Assembly-CSharp-firstpass/SocketIODefaultJsonEncoder.cs
Assets/Plugins/Assembly-CSharp-firstpass/LENCKBHFKLD.cs	Assets/Plugins/Assembly-CSharp-firstpass/MessageTypes.cs
Assets/Plugins/Assembly-CSharp-firstpass/LFFGCBPOGPJ.cs	Assets/Plugins/Assembly-CSharp-firstpass/AppleStoreExtensions.cs
Assets/Plugins/Assembly-CSharp-firstpass/LJLKMCGDKJK.cs	Assets/Plugins/Assembly-CSharp-firstpass/TransportStates.cs
Assets/Plugins/Assembly-CSharp-firstpass/LJPCIAOIJNK.cs	Assets/Plugins/Assembly-CSharp-firstpass/SocketIOLitJsonEncoder.cs
Assets/Plugins/Assembly-CSharp-firstpass/LLJPGGEJCPK.cs	Assets/Plugins/Assembly-CSharp-firstpass/LicenseChecker.cs
Assets/Plugins/Assembly-CSharp-firstpass/LLLOJBFMONN.cs	Assets/Plugins/Assembly-CSharp-firstpass/GameLog.cs
Assets/Plugins/Assembly-CSharp-firstpass/LNHBEIOHMGB.cs	Assets/Plugins/Assembly-CSharp-firstpass/CoderPropID.cs
Assets/Plugins/Assembly-CSharp-firstpass/LPADMPIAIPF.cs	Assets/Plugins/Assembly-CSharp-firstpass/MappingStartEventInfo.cs
Assets/Plugins/Assembly-CSharp-firstpass/MGGJFKDFADC.cs	Assets/Plugins/Assembly-CSharp-firstpass/ISetCoderProperties.cs
Assets/Plugins/Assembly-CSharp-firstpass/MKMJBGGLKCM.cs	Assets/Plugins/Assembly-CSharp-firstpass/CamelCaseNamingConvention.cs
Assets/Plugins/Assembly-CSharp-firstpass/MNPBDHNFEBB.cs	Assets/Plugins/Assembly-CSharp-firstpass/LzmaEncoder.cs
Assets/Plugins/Assembly-CSharp-firstpass/MOEOPMHGKCI.cs	Assets/Plugins/Assembly-CSharp-firstpass/YamlIgnoreAttribute.cs
Assets/Plugins/Assembly-CSharp-firstpass/NBCBGEPFIKG.cs	Assets/Plugins/Assembly-CSharp-firstpass/SequenceStyle.cs
Assets/Plugins/Assembly-CSharp-firstpass/NBGCAMIJKDA.cs	Assets/Plugins/Assembly-CSharp-firstpass/StaticTypeResolver.cs
Assets/Plugins/Assembly-CSharp-firstpass/NCGDJIDCIIM.cs	Assets/Plugins/Assembly-CSharp-firstpass/SequenceEndEventInfo.cs
Assets/Plugins/Assembly-CSharp-firstpass/NEKGJNOFOFN.cs	Assets/Plugins/Assembly-CSharp-firstpass/IEmitter.cs
Assets/Plugins/Assembly-CSharp-firstpass/NGDOLJPDPBI.cs	Assets/Plugins/Assembly-CSharp-firstpass/ManagedGZipStream.cs
Assets/Plugins/Assembly-CSharp-firstpass/NKFKKGNBHDK.cs	Assets/Plugins/Assembly-CSharp-firstpass/ZlibCompressionLevel.cs
Assets/Plugins/Assembly-CSharp-firstpass/NLHENJCBLHC.cs	Assets/Plugins/Assembly-CSharp-firstpass/DefaultJsonEncoder.cs
Assets/Plugins/Assembly-CSharp-firstpass/OAJFDGLHJMC.cs	Assets/Plugins/Assembly-CSharp-firstpass/DeflateCompressionMode.cs
Assets/Plugins/Assembly-CSharp-firstpass/OBBKIBFJEMI.cs	Assets/Plugins/Assembly-CSharp-firstpass/SupportedProtocols.cs
Assets/Plugins/Assembly-CSharp-firstpass/OHLFKFFAOMF.cs	Assets/Plugins/Assembly-CSharp-firstpass/ConnectionStates.cs
Assets/Plugins/Assembly-CSharp-firstpass/OIPMMMLGOAJ.cs	Assets/Plugins/Assembly-CSharp-firstpass/ManagedDeflateStream.cs
Assets/Plugins/Assembly-CSharp-firstpass/OOINGNLNJGM.cs	Assets/Plugins/Assembly-CSharp-firstpass/ISocketJsonEncoder.cs
Assets/Plugins/Assembly-CSharp-firstpass/OPBDIMHHCMJ.cs	Assets/Plugins/Assembly-CSharp-firstpass/ZlibDeflateStream.cs
Assets/Plugins/Assembly-CSharp-firstpass/PAFDJLCFOGH.cs	Assets/Plugins/Assembly-CSharp-firstpass/SerializationOptions.cs
Assets/Plugins/Assembly-CSharp-firstpass/PBGMOJFHMGI.cs	Assets/Plugins/Assembly-CSharp-firstpass/SequenceStartEventInfo.cs
Assets/Plugins/Assembly-CSharp-firstpass/PEELJCOAGOH.cs	Assets/Plugins/Assembly-CSharp-firstpass/LitJsonEncoder.cs
Assets/Plugins/Assembly-CSharp-firstpass/PFIHGFCNOEG.cs	Assets/Plugins/Assembly-CSharp-firstpass/EmitterStateKind.cs
Assets/Scripts/Assembly-CSharp/ABMMAALFNFD.cs	Assets/Scripts/Assembly-CSharp/QuestTextResolver.cs
Assets/Scripts/Assembly-CSharp/CBBEIGACPPD.cs	Assets/Scripts/Assembly-CSharp/FightControlEventData.cs
Assets/Scripts/Assembly-CSharp/DMMJEFCLAJF.cs	Assets/Scripts/Assembly-CSharp/RsaStringDecryptor.cs
Assets/Scripts/Assembly-CSharp/FAEJIAODPEA.cs	Assets/Scripts/Assembly-CSharp/GameTimeUtils.cs
Assets/Scripts/Assembly-CSharp/GBAEHLPNDAC.cs	Assets/Scripts/Assembly-CSharp/ExitDialogData.cs
Assets/Scripts/Assembly-CSharp/GFKEHPOBLFJ.cs	Assets/Scripts/Assembly-CSharp/DifficultyFilterOverride.cs
Assets/Scripts/Assembly-CSharp/JBKAOMLJCEL.cs	Assets/Scripts/Assembly-CSharp/DownloadPack.cs
Assets/Scripts/Assembly-CSharp/KAHIFHMHDAF.cs	Assets/Scripts/Assembly-CSharp/PerkContentData.cs
Assets/Scripts/Assembly-CSharp/KAOPLEPILDH.cs	Assets/Scripts/Assembly-CSharp/RaidModelParameters.cs
Assets/Scripts/Assembly-CSharp/MELBIBHDPCE.cs	Assets/Scripts/Assembly-CSharp/SavedXmlProfile.cs
Assets/Scripts/Assembly-CSharp/NFOGOFFAPPP.cs	Assets/Scripts/Assembly-CSharp/ButtonStateExtensions.cs
Assets/Scripts/Assembly-CSharp/NGOFBFGBICM.cs	Assets/Scripts/Assembly-CSharp/CrashBreadcrumbTracker.cs
Assets/Scripts/Assembly-CSharp/NMBFNPAEECM.cs	Assets/Scripts/Assembly-CSharp/RaidLoginState.cs
Assets/Scripts/Assembly-CSharp/OCELJLPIHMD.cs	Assets/Scripts/Assembly-CSharp/ImageAlphaExtensions.cs
Assets/Scripts/Assembly-CSharp/OELAEEHOGPE.cs	Assets/Scripts/Assembly-CSharp/SessionCrashInfo.cs
Assets/Scripts/Assembly-CSharp/MANJCIGJPMK.cs	Assets/Scripts/Assembly-CSharp/LotteryPrizeEntry.cs
Assets/Scripts/Assembly-CSharp/FMGDPLEEKEM.cs	Assets/Scripts/Assembly-CSharp/PaymentOrdersManager.cs
Assets/Scripts/Assembly-CSharp/FHHECMPNKHC.cs	Assets/Scripts/Assembly-CSharp/KeyboardInputPoller.cs
Assets/Plugins/Assembly-CSharp-firstpass/AIBCPDGLFPB.cs	Assets/Plugins/Assembly-CSharp-firstpass/OnConnectionStateChangedDelegate.cs
Assets/Plugins/Assembly-CSharp-firstpass/AJFBHEIDBOE.cs	Assets/Plugins/Assembly-CSharp-firstpass/ThreadStartDelegate.cs
Assets/Plugins/Assembly-CSharp-firstpass/BCHANFGJONF.cs	Assets/Plugins/Assembly-CSharp-firstpass/OnAuthenticationFailedDelegate.cs
Assets/Plugins/Assembly-CSharp-firstpass/BHJHIPILHJB.cs	Assets/Plugins/Assembly-CSharp-firstpass/OnGeneralEventDelegate.cs
Assets/Plugins/Assembly-CSharp-firstpass/BLIMHGJLDLD.cs	Assets/Plugins/Assembly-CSharp-firstpass/SocketIOCallback.cs
Assets/Plugins/Assembly-CSharp-firstpass/BNIEFDKHAJN.cs	Assets/Plugins/Assembly-CSharp-firstpass/OnWebSocketOpenDelegate.cs
Assets/Plugins/Assembly-CSharp-firstpass/DHGLHLDFDAC.cs	Assets/Plugins/Assembly-CSharp-firstpass/OnConnectionErrorDelegate.cs
Assets/Plugins/Assembly-CSharp-firstpass/FEENMMBNDJA.cs	Assets/Plugins/Assembly-CSharp-firstpass/OnMethodResultDelegate.cs
Assets/Plugins/Assembly-CSharp-firstpass/FGNDEBGHBMC.cs	Assets/Plugins/Assembly-CSharp-firstpass/OnMethodFailedDelegate.cs
Assets/Plugins/Assembly-CSharp-firstpass/GAHJEMHNLNB.cs	Assets/Plugins/Assembly-CSharp-firstpass/OnStateChangedDelegate.cs
Assets/Plugins/Assembly-CSharp-firstpass/GAHNKDKDAGM.cs	Assets/Plugins/Assembly-CSharp-firstpass/OnPrepareRequestDelegate.cs
Assets/Plugins/Assembly-CSharp-firstpass/IPIGAJKKJLN.cs	Assets/Plugins/Assembly-CSharp-firstpass/OnEventSourceMessageDelegate.cs
Assets/Plugins/Assembly-CSharp-firstpass/IPPLMFLBMNF.cs	Assets/Plugins/Assembly-CSharp-firstpass/ImporterFunc.cs
Assets/Plugins/Assembly-CSharp-firstpass/JAHNDKHBMPG.cs	Assets/Plugins/Assembly-CSharp-firstpass/OnMethodCallCallbackDelegate.cs
Assets/Plugins/Assembly-CSharp-firstpass/JEEIPOLICHA.cs	Assets/Plugins/Assembly-CSharp-firstpass/OnEventDelegate.cs
Assets/Plugins/Assembly-CSharp-firstpass/JFCEKCIHELB.cs	Assets/Plugins/Assembly-CSharp-firstpass/OnWebSocketErrorDescriptionDelegate.cs
Assets/Plugins/Assembly-CSharp-firstpass/KCEBOGOANEH.cs	Assets/Plugins/Assembly-CSharp-firstpass/OnWebSocketMessageDelegate.cs
Assets/Plugins/Assembly-CSharp-firstpass/KMBJIOLJJCE.cs	Assets/Plugins/Assembly-CSharp-firstpass/OnClosedDelegate.cs
Assets/Plugins/Assembly-CSharp-firstpass/LACLODBGJEI.cs	Assets/Plugins/Assembly-CSharp-firstpass/OnAuthenticationSuccededDelegate.cs
Assets/Plugins/Assembly-CSharp-firstpass/LADGKBEOMDK.cs	Assets/Plugins/Assembly-CSharp-firstpass/TypedImporterFunc.cs
Assets/Plugins/Assembly-CSharp-firstpass/LCGIFKDMOMP.cs	Assets/Plugins/Assembly-CSharp-firstpass/OnTransportStateChangedDelegate.cs
Assets/Plugins/Assembly-CSharp-firstpass/LKDPANKMCOG.cs	Assets/Plugins/Assembly-CSharp-firstpass/SocketIOAckCallback.cs
Assets/Plugins/Assembly-CSharp-firstpass/NDIMGDKIMBD.cs	Assets/Plugins/Assembly-CSharp-firstpass/TypedExporterFunc.cs
Assets/Plugins/Assembly-CSharp-firstpass/NHMEKPMHION.cs	Assets/Plugins/Assembly-CSharp-firstpass/ExporterFunc.cs
Assets/Plugins/Assembly-CSharp-firstpass/NNBBLIKMEDJ.cs	Assets/Plugins/Assembly-CSharp-firstpass/OnMethodProgressDelegate.cs
Assets/Plugins/Assembly-CSharp-firstpass/PDFHPHPODBK.cs	Assets/Plugins/Assembly-CSharp-firstpass/OnWebSocketIncompleteFrameDelegate.cs
Assets/Plugins/Assembly-CSharp-firstpass/PILIPIHGBEG.cs	Assets/Plugins/Assembly-CSharp-firstpass/OnConnectedDelegate.cs
Assets/Plugins/Assembly-CSharp-firstpass/BPGAOEMIFNN.cs	Assets/Plugins/Assembly-CSharp-firstpass/DeviceIdBridge.cs
Assets/Plugins/Assembly-CSharp-firstpass/DMOMPOFCMJJ.cs	Assets/Plugins/Assembly-CSharp-firstpass/GZipCompressionStream.cs
Assets/Plugins/Assembly-CSharp-firstpass/JHHBEDGPFDM.cs	Assets/Plugins/Assembly-CSharp-firstpass/SignalRWebSocketTransport.cs
Assets/Plugins/Assembly-CSharp-firstpass/KMLMEACFJGA.cs	Assets/Plugins/Assembly-CSharp-firstpass/SocketIoWebSocketTransport.cs
